{"cameraMode":{"drawMode":0,"name":"Shaded","section":"Shading Mode"},"sceneLighting":true,"audioPlay":false,"sceneViewState":{"showFog":true,"showMaterialUpdate":false,"showSkybox":true,"showFlares":true,"showImageEffects":true,"showParticleSystems":true},"in2DMode":false,"pivot":{"x":-3.9738874435424806,"y":-0.2214360237121582,"z":1.2863121032714844},"rotation":{"x":-0.1358395367860794,"y":0.784092366695404,"z":-0.1846735179424286,"w":-0.5767515301704407},"size":9.640457153320313,"orthographic":false}